<metadata xml:lang="en"><Esri><CreaDate>20200115</CreaDate><CreaTime>11024500</CreaTime><ArcGISFormat>1.0</ArcGISFormat><ArcGISstyle>North American Profile of ISO19115 2003</ArcGISstyle><SyncOnce>FALSE</SyncOnce><DataProperties><itemProps><itemLocation><linkage Sync="FALSE">withheld</linkage><protocol Sync="TRUE">Local Area Network</protocol></itemLocation><itemName Sync="FALSE">WF_HISTORICAL_FIREPOLY</itemName><imsContentType Sync="TRUE" export="False">002</imsContentType><nativeExtBox><westBL Sync="TRUE">109441.187600</westBL><eastBL Sync="TRUE">867812.856100</eastBL><southBL Sync="TRUE">5425255.519700</southBL><northBL Sync="TRUE">6733347.353600</northBL><exTypeCode Sync="TRUE">1</exTypeCode></nativeExtBox><itemSize Sync="TRUE">0.000</itemSize></itemProps><coordRef><type Sync="TRUE">Projected</type><geogcsn Sync="TRUE">GCS_North_American_1983</geogcsn><csUnits Sync="TRUE">Linear Unit: Meter (1.000000)</csUnits><projcsn Sync="TRUE">NAD_1983_10TM_AEP_Forest</projcsn><peXml Sync="TRUE">&lt;ProjectedCoordinateSystem xsi:type='typens:ProjectedCoordinateSystem' xmlns:xsi='http://www.w3.org/2001/XMLSchema-instance' xmlns:xs='http://www.w3.org/2001/XMLSchema' xmlns:typens='http://www.esri.com/schemas/ArcGIS/2.4.0'&gt;&lt;WKT&gt;PROJCS[&amp;quot;NAD_1983_10TM_AEP_Forest&amp;quot;,GEOGCS[&amp;quot;GCS_North_American_1983&amp;quot;,DATUM[&amp;quot;D_North_American_1983&amp;quot;,SPHEROID[&amp;quot;GRS_1980&amp;quot;,6378137.0,298.257222101]],PRIMEM[&amp;quot;Greenwich&amp;quot;,0.0],UNIT[&amp;quot;Degree&amp;quot;,0.0174532925199433]],PROJECTION[&amp;quot;Transverse_Mercator&amp;quot;],PARAMETER[&amp;quot;False_Easting&amp;quot;,500000.0],PARAMETER[&amp;quot;False_Northing&amp;quot;,0.0],PARAMETER[&amp;quot;Central_Meridian&amp;quot;,-115.0],PARAMETER[&amp;quot;Scale_Factor&amp;quot;,0.9992],PARAMETER[&amp;quot;Latitude_Of_Origin&amp;quot;,0.0],UNIT[&amp;quot;Meter&amp;quot;,1.0],AUTHORITY[&amp;quot;EPSG&amp;quot;,3400]]&lt;/WKT&gt;&lt;XOrigin&gt;-5118700&lt;/XOrigin&gt;&lt;YOrigin&gt;-9994100&lt;/YOrigin&gt;&lt;XYScale&gt;450625831.97791648&lt;/XYScale&gt;&lt;ZOrigin&gt;-100000&lt;/ZOrigin&gt;&lt;ZScale&gt;10000&lt;/ZScale&gt;&lt;MOrigin&gt;-100000&lt;/MOrigin&gt;&lt;MScale&gt;10000&lt;/MScale&gt;&lt;XYTolerance&gt;0.001&lt;/XYTolerance&gt;&lt;ZTolerance&gt;0.001&lt;/ZTolerance&gt;&lt;MTolerance&gt;0.001&lt;/MTolerance&gt;&lt;HighPrecision&gt;true&lt;/HighPrecision&gt;&lt;WKID&gt;102184&lt;/WKID&gt;&lt;LatestWKID&gt;3400&lt;/LatestWKID&gt;&lt;/ProjectedCoordinateSystem&gt;</peXml></coordRef><lineage><Process ToolSource="c:\program files (x86)\arcgis\desktop10.7\ArcToolbox\Toolboxes\Data Management Tools.tbx\DeleteFeatures" Date="20200114" Time="092008" Name="" export="">DeleteFeatures Wildfire.GDB.WF_HISTORICAL_FIREPOLY</Process><Process ToolSource="c:\program files (x86)\arcgis\desktop10.7\ArcToolbox\Toolboxes\Data Management Tools.tbx\TruncateTable" Date="20200115" Time="101136" Name="" export="">TruncateTable "U:\Data_Repository\Database_Connections\GENESIS_connections_as_schema_owner\Wildfire (GDB Account on GENESIS-SDE).sde\Wildfire.GDB.WF_HISTORICAL_FIREPOLY"</Process><Process ToolSource="c:\program files\arcgis\pro\Resources\ArcToolbox\toolboxes\Cartography Tools.tbx\SimplifyPolygon" Date="20201120" Time="223822">SimplifyPolygon Wildfires_1990to1999 C:\Users\brad\Documents\ArcGIS\Projects\MyProject4\MyProject4.gdb\Wildfires_1990to1999_Simplif "Retain critical points (Douglas-Peucker)" "2000 Meters" "0 SquareMeters" RESOLVE_ERRORS NO_KEEP #</Process><Process ToolSource="c:\program files\arcgis\pro\Resources\ArcToolbox\toolboxes\Data Management Tools.tbx\CopyFeatures" Date="20201121" Time="173658">CopyFeatures Wildfires_1990to1999_Simplif C:\Users\brad\Desktop\WIldfires_shp\Wildfires_1990to1999_Simplif.shp # # # #</Process></lineage><copyHistory><copy source="U:\GIS_Program_Workspaces\Fire_History\website_shapefile2020\Workspace\Wilfire_Perimeters_1931_to_2019" dest="\\GOA\Shared\AF\Wildfire_Geospatial\GIS_Program_Workspaces\Fire_History\website_shapefile2020\Workspace\HistoricalWildfirePerimeters\Wilfire_Perimeters_1931_to_2019" date="20200115" time="11070300"></copy></copyHistory></DataProperties><SyncDate>20201121</SyncDate><SyncTime>17365800</SyncTime><ModDate>20201121</ModDate><ModTime>17365800</ModTime><scaleRange><minScale>150000000</minScale><maxScale>5000</maxScale></scaleRange><ArcGISProfile>NAP</ArcGISProfile></Esri><mdLang><languageCode value="eng"/><countryCode value="USA" Sync="TRUE"/></mdLang><mdChar><CharSetCd value="004"/></mdChar><mdHrLv><ScopeCd value="005"/></mdHrLv><mdStanName>ArcGIS Metadata</mdStanName><mdStanVer>1.0</mdStanVer><distInfo xmlns=""><distFormat xmlns=""><formatVer>10.3</formatVer><formatName Sync="TRUE">Shapefile</formatName></distFormat><distributor xmlns=""><distorCont xmlns=""><rpIndName>Wildfire Geospatial Intelligence Unit, Wildfire Operations, Wildfire Management Branch, Forestry Division</rpIndName><rpOrgName>Agriculture and Forestry, Government of Alberta</rpOrgName><rpCntInfo xmlns=""><cntAddress addressType="both"><delPoint>9th Floor, 9920 - 108 Street Northwest</delPoint><city>Edmonton</city><adminArea>Alberta</adminArea><postCode>T5K2M4</postCode><eMailAdd>WF.AWHQ-GIS@gov.ab.ca</eMailAdd><country>CA</country></cntAddress><cntPhone><voiceNum tddtty="">(780) 422-4438</voiceNum><faxNum>(780) 415-1509</faxNum></cntPhone></rpCntInfo><displayName>Wildfire Geospatial Intelligence Unit, Wildfire Operations, Wildfire Management Branch, Forestry Division</displayName><role><RoleCd value="005"/></role></distorCont><distorTran xmlns=""><onLineSrc xmlns=""><linkage>https://maps.env.gov.ab.ca/genesis_winauth/rest/services/Historical_Fires/Latest/MapServer</linkage></onLineSrc></distorTran></distributor><distTranOps><transSize Sync="TRUE">0.000</transSize></distTranOps></distInfo><dataIdInfo><idCitation xmlns=""><date><pubDate>2020-01-14T12:00:00</pubDate><reviseDate>2020-01-15T12:00:00</reviseDate></date><resTitle Sync="TRUE">Wildfires_1990to1999_Simplif</resTitle><presForm xmlns=""><PresFormCd value="005" Sync="TRUE"/></presForm><citRespParty xmlns=""><rpIndName>Wildfire Geospatial Intelligence Unit, Wildfire Operations, Wildfire Management Branch, Forestry Division</rpIndName><rpOrgName>Agriculture and Forestry, Government of Alberta</rpOrgName><rpCntInfo xmlns=""><cntAddress addressType="both"><delPoint>9th Floor, 9920 - 108 Street Northwest</delPoint><city>Edmonton</city><adminArea>Alberta</adminArea><postCode>T5K2M4</postCode><eMailAdd>WF.AWHQ-GIS@gov.ab.ca</eMailAdd><country>CA</country></cntAddress><cntPhone><voiceNum tddtty="">(780) 422-4438</voiceNum><faxNum>(780) 415-1509</faxNum></cntPhone></rpCntInfo><displayName>Wildfire Geospatial Intelligence Unit, Wildfire Operations, Wildfire Management Branch, Forestry Division</displayName><role><RoleCd value="006"/></role></citRespParty><citRespParty xmlns=""><rpIndName>Wildfire Geospatial Intelligence Unit, Wildfire Operations, Wildfire Management Branch, Forestry Division</rpIndName><rpOrgName>Agriculture and Forestry, Government of Alberta</rpOrgName><rpCntInfo xmlns=""><cntAddress addressType="both"><delPoint>9th Floor, 9920 - 108 Street Northwest</delPoint><city>Edmonton</city><adminArea>Alberta</adminArea><postCode>T5K2M4</postCode><eMailAdd>WF.AWHQ-GIS@gov.ab.ca</eMailAdd><country>CA</country></cntAddress><cntPhone><voiceNum tddtty="">(780) 422-4438</voiceNum><faxNum>(780) 415-1509</faxNum></cntPhone></rpCntInfo><displayName>Wildfire Geospatial Intelligence Unit, Wildfire Operations, Wildfire Management Branch, Forestry Division</displayName><role><RoleCd value="005"/></role><displayName>Wildfire Geospatial Intelligence Unit, Wildfire Operations, Wildfire Management Branch, Forestry Division</displayName></citRespParty></idCitation><idAbs>&lt;DIV STYLE="text-align:Left;"&gt;&lt;DIV&gt;&lt;DIV&gt;&lt;P&gt;&lt;SPAN&gt;Wildfires from 1931 to the end of the 2019 Fire Year (&lt;/SPAN&gt;&lt;SPAN&gt;December&lt;/SPAN&gt;&lt;SPAN&gt;31, 2019) within the forested area of the province have been recorded and mapped in a variety of different ways. Fire perimeters have been captured using hand sketches, aerial photography, satellite imagery, global positioning systems and infrared scanning methods and have been archived in various forms. These include the transfer of line work to paper or films of forest inventory maps, provincial base maps or more recently captured in digital form. All these historical fires that have a polygon line representing the fire perimeter have recently had the line work entered into a Geographic Information System. This data set does not represent every fire from the fire years. Rather, it represents some of the larger fires that were capable of capturing.&lt;/SPAN&gt;&lt;/P&gt;&lt;/DIV&gt;&lt;/DIV&gt;&lt;/DIV&gt;</idAbs><idPurp>Recording the fire perimeters accurately on maps within the forested area of the province is essential for fire incidence analysis, timber loss, timber salvage, maintenance of the provincial forest inventory, timber stand origins and for assisting in the making of sound forest management decisions.</idPurp><idStatus><ProgCd value="001"/></idStatus><resMaint xmlns=""><maintFreq><MaintFreqCd value="008"/></maintFreq></resMaint><placeKeys xmlns=""><keyword>Alberta</keyword></placeKeys><tempKeys xmlns=""><keyword>19310101 to 20181231</keyword></tempKeys><themeKeys xmlns=""><keyword>fire perimeter</keyword><keyword>fire</keyword><keyword>fire incidence</keyword><keyword>historical fire</keyword><keyword>history</keyword></themeKeys><searchKeys><keyword>fire perimeter</keyword><keyword>19310101 to 20191231</keyword><keyword>fire</keyword><keyword>fire incidence</keyword><keyword>Alberta</keyword><keyword>historical fire</keyword><keyword>history</keyword></searchKeys><dataLang><languageCode value="eng"/><countryCode value="USA" Sync="TRUE"/></dataLang><dataExt xmlns=""><exDesc>publication date</exDesc><tempEle><TempExtent><exTemp><TM_Period xmlns=""><tmBegin>1931-01-01T00:00:00</tmBegin><tmEnd>2016-03-31T00:00:00</tmEnd></TM_Period></exTemp></TempExtent></tempEle></dataExt><suppInfo>The compiling and storage of the individual fire maps have evolved from hard copy storage of the various fire maps on stick plans to hand drafting all fires greater than 200 hectares on 1:250 000 planimetric base maps to having all mapped fires digitized and entered into a Geographic Information System at various accuracy levels depending upon original data available.</suppInfo><dataChar><CharSetCd value="004"/></dataChar><resConst><LegConsts xmlns=""><accessConsts><RestrictCd value="006"/></accessConsts><useConsts><RestrictCd value="006"/></useConsts><useLimit>None</useLimit></LegConsts></resConst><envirDesc Sync="TRUE">Microsoft Windows 10 Version 10.0 (Build 18363) ; Esri ArcGIS 12.4.0.19948</envirDesc><spatRpType><SpatRepTypCd value="001" Sync="TRUE"/></spatRpType><dataExt xmlns=""><geoEle xmlns=""><GeoBndBox esriExtentType="search"><exTypeCode Sync="TRUE">1</exTypeCode><westBL Sync="TRUE">-122.137237</westBL><eastBL Sync="TRUE">-108.274977</eastBL><northBL Sync="TRUE">60.759886</northBL><southBL Sync="TRUE">48.876435</southBL></GeoBndBox></geoEle></dataExt><idPoC xmlns=""><rpIndName>Wildfire Geospatial Intelligence Unit, Wildfire Operations, Wildfire Management Branch, Forestry Division</rpIndName><rpOrgName>Agriculture and Forestry, Government of Alberta</rpOrgName><rpCntInfo xmlns=""><cntAddress addressType="both"><delPoint>9th Floor, 9920 - 108 Street Northwest</delPoint><city>Edmonton</city><adminArea>Alberta</adminArea><postCode>T5K2M4</postCode><eMailAdd>WF.AWHQ-GIS@gov.ab.ca</eMailAdd><country>CA</country></cntAddress><cntPhone><voiceNum tddtty="">(780) 422-4438</voiceNum><faxNum>(780) 415-1509</faxNum></cntPhone></rpCntInfo><displayName>Wildfire Geospatial Intelligence Unit, Wildfire Operations, Wildfire Management Branch, Forestry Division</displayName><role><RoleCd value="005"/></role><displayName>Wildfire Geospatial Intelligence Unit, Wildfire Operations, Wildfire Management Branch, Forestry Division</displayName></idPoC><tpCat><TopicCatCd value="002"/></tpCat><tpCat><TopicCatCd value="003"/></tpCat><tpCat><TopicCatCd value="007"/></tpCat></dataIdInfo><mdMaint xmlns=""><maintFreq><MaintFreqCd value="009"/></maintFreq><dateNext>2021-01-13T00:00:00</dateNext></mdMaint><dqInfo xmlns=""><dqScope><scpLvl><ScopeCd value="005"/></scpLvl></dqScope><dataLineage><prcStep xmlns=""><stepDesc>Updated  Photo Interpreted Boundaries for: MWF-009-2016; HWF-158-2016; HWF-159-2016; LWF-071-2016; LWF-076-2016; LWF-097-2016; LWF-103-2016</stepDesc></prcStep><prcStep xmlns=""><stepDesc>Added 2017 Fire Year data - April 3,2018</stepDesc></prcStep><statement>Added 2019 Fire Year data - January 14, 2020
Updated Photo Interpreted 2018 fires captured in 2019 - January 15, 2020  - EWF-077-2018; EWF-121-2018; HWF-050-2018; HWF-083-2018; HWF-173-2018; HWF-180-2018; HWF-182-2018; LWF-116-2018; LWF-117-2018; LWF-119-2018; LWF-121-2018; LWF-152-2018; LWF-155-2018; LWF-168-2018; LWF-169-2018; MWF-016-2018; MWF-093-2018; PWF-062-2018; PWF-088-2018; RWF-045-2018; RWF-049-2018; SWF-094-2018</statement><prcStep xmlns=""><stepDesc>Added 2019 Fire Year data - January 14, 2020
Updated Photo Interpreted 2018 fires captured in 2019 - January 15, 2020  - EWF-077-2018; EWF-121-2018; HWF-050-2018; HWF-083-2018; HWF-173-2018; HWF-180-2018; HWF-182-2018; LWF-116-2018; LWF-117-2018; LWF-119-2018; LWF-121-2018; LWF-152-2018; LWF-155-2018; LWF-168-2018; LWF-169-2018; MWF-016-2018; MWF-093-2018; PWF-062-2018; PWF-088-2018; RWF-045-2018; RWF-049-2018; SWF-094-2018</stepDesc></prcStep><prcStep xmlns=""><stepDesc>Added fire perimeter for GWF-165-2008 submitted June 4, 2009</stepDesc><stepDateTm>2009-09-15T00:00:00</stepDateTm></prcStep><prcStep xmlns=""><stepDesc>Added the fires from the 2009 Fire Year with the simple data loader.</stepDesc><stepDateTm>2010-04-08T00:00:00</stepDateTm></prcStep><prcStep xmlns=""><stepDesc>Re-added the 2009 fires as 11 fires/features were submitted after the last compilation.</stepDesc><stepDateTm>2010-05-28T00:00:00</stepDateTm></prcStep><prcStep xmlns=""><stepDesc>Added one 1987 fire, one 1997 fire, and twelve 2009 fires that were all discovered to exist in Area offices but missing from this dataset. The fire numbers for these are as follows: DB1-001-1987 S01-019-1997 LCU-006-2009 LCU-009-2009 LWF-177-2009 MWF-009-2009 MWF-022-2009 MWF-035-2009 MWF-046-2009 MWF-048-2009 MWF-057-2009 MWF-066-2009 WWF-101-2009 WWF-102-2009</stepDesc><stepDateTm>2011-04-06T00:00:00</stepDateTm></prcStep><prcStep xmlns=""><stepDesc>Added the 2010 fires using the Simple Data Loader</stepDesc><stepDateTm>2011-04-06T00:00:00</stepDateTm></prcStep><prcStep xmlns=""><stepDesc>Added the 2011 Fire Year wildfire perimeters using the simple data loader.</stepDesc><stepDateTm>2012-04-03T00:00:00</stepDateTm></prcStep><prcStep xmlns=""><stepDesc>Added the 2012 fire data. Removed the 1950 Chinchaga Fire and replaced it with a smaller version said to be more true. Also added WWF-005-2010, WTO-001-2010, LWF-215-2011, and PWF-013-2011. Added ALIAS values for P01-009-2000, P01-021-2000, RWF-085-2001, and CWF-144-2003. Deleted CWF-016-2010, as it was already captured as CWF-258-2009. And finally, sorted the features based on YEAR (ASC) and FIRENUMBER (ASC).</stepDesc><stepDateTm>2013-04-19T00:00:00</stepDateTm></prcStep><prcStep xmlns=""><stepDesc>Replaced HWF-107-2012 and HWF-211-2012 with new versions that show more growth since the previous data capture. Also, added the 2013 Fire Year fire perimeters.</stepDesc><stepDateTm>2014-04-02T00:00:00</stepDateTm></prcStep><prcStep xmlns=""><stepDesc>Added the 2014 fire perimeter data with the Simple Data Loader.</stepDesc><stepDateTm>2015-04-02T11:20:00</stepDateTm></prcStep><prcStep xmlns=""><stepDesc>Replaced the ArcSDE feature class that was in the Geographic Coordinate System with a new feature class projected in the Alberta 10TM projection (NAD_1983_10TM_AEP_Forest, WKID: 3400 Authority: EPSG).</stepDesc><stepDateTm>2015-04-08T00:00:00</stepDateTm><stepRat>We wish to have geometry units in real world units rather than in decimal degrees for area and length fields, and the data is most commonly displayed in Alberta 10TM.</stepRat></prcStep><prcStep xmlns=""><stepDesc>Removed GPS'ed version of GWF-046-2013.
Added the following fires with the Simple Data Loader:
  DB2-018-1991
  CCI-002-2013
  GWF-046-2013 (aerial stereo image interpretation version)
Added ALIAS (fire name) field values to the following fires:
  REF-020-1934
  REF-021-1934
  REF-025-1936
  REF-026-1936
  REF-028-1936
  REF-987-1954
  CWF-092-2003
  CCU-002-2012
  CCU-003-2012
</stepDesc><stepDateTm>2015-04-08T00:00:00</stepDateTm></prcStep><prcStep xmlns=""><stepDesc>Added the 2015 fire year data.</stepDesc><stepDateTm>2016-04-01T14:00:00</stepDateTm></prcStep><prcStep xmlns=""><stepDesc>Added the following fire data:
- CCU-001-2011 (no previous data existed)
- CCU-002-2012 (satellite classified replaces previously existing GPS data)
- CCU-003-2012 (satellite classified replaces previously existing GPS data)
- RWF-034-2014 (air photo interpretation replaces previously existing GPS data)
- GWF-043-2014 (air photo interpretation replaces previously existing hand-sketch data)
- EWF-052-2014 (air photo interpretation replaces previously existing GPS data)
- EWF-054-2014 (air photo interpretation replaces previously existing GPS data)
- CCU-003-2015 (no previous data existed)
- RWF-135-2015 (no previous data existed)
- CWF-209-2015 (no previous data existed)
- CWF-231-2015 (no previous data existed)</stepDesc><stepDateTm>2016-04-09T12:00:00</stepDateTm><stepProc xmlns=""><rpIndName>Wildfire Geospatial Intelligence Unit, Provincial Forest Fire Centre</rpIndName><rpOrgName>Ministry of Agriculture and Forestry, Government of Alberta</rpOrgName><rpPosName>Wildfire Operations Section, Wildfire Managament Branch, Forestry Division</rpPosName><rpCntInfo><cntAddress addressType="both"><delPoint>9th Floor</delPoint><city>Edmonton</city><adminArea>Alberta</adminArea><postCode>T5K2M4</postCode><eMailAdd>PFFC.GIS@gov.ab.ca</eMailAdd><country>CA</country><delPoint>9920 - 108 Street NW</delPoint></cntAddress><cntPhone><voiceNum tddtty="">7804276807</voiceNum></cntPhone><cntHours>09:00 - 16:30</cntHours></rpCntInfo><displayName>Wildfire Resource Information Unit, Provincial Forest Fire Centre</displayName><displayName>Wildfire Geospatial Intelligence Unit, Provincial Forest Fire Centre</displayName><role><RoleCd value="002"/></role></stepProc></prcStep><prcStep xmlns=""><stepDesc>Integrated the linework from overlapping fire perimeters from within the 2015 fire year so that no 2015 polygon overlaps another 2015 polygon.
Added some satellite classified fire perimeter data for portions of three fires that extended beyond the Alberta border:
   ASK-001-2015 in Saskatchewan
   LWF-175-2015 in Saskatchewan
   PBZ-002-2015 in British Columbia
Also, updated the CAPTURE_DATE and TIME values for the Alberta portions of ASK-001-2015 and PBZ-002-2015 to properly reflect the scene date of that imagery used for the burn classification.</stepDesc><stepDateTm>2016-04-27T10:00:00</stepDateTm></prcStep><prcStep xmlns=""><stepDesc>Added the 2016 fire year data.</stepDesc><stepDateTm>2017-04-03T12:00:00</stepDateTm><stepProc xmlns=""><rpIndName>Wildfire Geospatial Intelligence Unit, Wildfire Operations, Wildfire Management Branch, Forestry Division</rpIndName><rpOrgName>Agriculture and Forestry, Government of Alberta</rpOrgName><role><RoleCd value="002"/></role><rpCntInfo xmlns=""><cntAddress addressType="both"><delPoint>9th Floor, 9920 - 108 Street Northwest</delPoint><city>Edmonton</city><adminArea>Alberta</adminArea><postCode>T5K2M4</postCode><eMailAdd>WF.AWHQ-GIS@gov.ab.ca</eMailAdd><country>CA</country></cntAddress><cntPhone><voiceNum tddtty="">(780) 422-4438</voiceNum><faxNum>(780) 415-1509</faxNum></cntPhone></rpCntInfo></stepProc></prcStep><prcStep xmlns=""><stepDesc>Added the value of "Vega Fire" to the ALIAS field where FIRENUMBER = "DS2-020-1968".</stepDesc><stepRat>Missing a major historical fire name.</stepRat><stepDateTm>2017-07-11T15:45:00</stepDateTm></prcStep></dataLineage></dqInfo><eainfo><detailed xmlns="" Name="Wildfires_1990to1999_Simplif"><enttyp><enttypl Sync="TRUE">Wildfires_1990to1999_Simplif</enttypl><enttypt Sync="TRUE">Feature Class</enttypt><enttypc Sync="TRUE">0</enttypc></enttyp><attr><attrlabl Sync="TRUE">FID</attrlabl><attalias Sync="TRUE">FID</attalias><attrtype Sync="TRUE">OID</attrtype><attwidth Sync="TRUE">4</attwidth><atprecis Sync="TRUE">0</atprecis><attscale Sync="TRUE">0</attscale><attrdef Sync="TRUE">Internal feature number.</attrdef><attrdefs Sync="TRUE">Esri</attrdefs><attrdomv><udom Sync="TRUE">Sequential unique whole numbers that are automatically generated.</udom></attrdomv></attr><attr xmlns=""><attrlabl Sync="TRUE">OBJECTID</attrlabl><attalias Sync="TRUE">OBJECTID</attalias><attrtype Sync="TRUE">Integer</attrtype><attwidth Sync="TRUE">10</attwidth><atprecis Sync="TRUE">10</atprecis><attscale Sync="TRUE">0</attscale><attrdef Sync="TRUE">Internal feature number.</attrdef><attrdefs Sync="TRUE">Esri</attrdefs><attrdomv><udom Sync="TRUE">Sequential unique whole numbers that are automatically generated.</udom></attrdomv></attr><attr xmlns=""><attrlabl>BURN_CLASS</attrlabl><attrdef>The burn class indicates the timber loss due to the fire</attrdef><attrdomv><edom><edomv>9</edomv><edomvd>Partially burned area: No interpretation available</edomvd><edomvds>Alberta Land and Forest Service GIS Standards (2000)</edomvds></edom><edom><edomv>5</edomv><edomvd>Burned area: &gt;94% burned</edomvd><edomvds>Alberta Land and Forest Service GIS Standards (2000)</edomvds></edom><edom><edomv>4</edomv><edomvd>Partially burned area: 76% - 94% burned</edomvd><edomvds>Alberta Land and Forest Service GIS Standards (2000)</edomvds></edom><edom><edomv>1</edomv><edomvd>Partially burned area: 1% - 25% burned</edomvd><edomvds>Alberta Land and Forest Service GIS Standards (2000)</edomvds></edom><edom><edomv>0</edomv><edomvd>Unburned island: &lt;1% burned</edomvd><edomvds>Alberta Land and Forest Service GIS Standards (2000)</edomvds></edom><edom><edomv>3</edomv><edomvd>Partially burned area: 51% - 75% burned</edomvd><edomvds>Alberta Land and Forest Service GIS Standards (2000)</edomvds></edom><edom><edomv>2</edomv><edomvd>Partially burned area: 26% - 50% burned</edomvd><edomvds>Alberta Land and Forest Service GIS Standards (2000)</edomvds></edom></attrdomv><attalias Sync="TRUE">BURN_CLASS</attalias><attrtype Sync="TRUE">Integer</attrtype><attwidth Sync="TRUE">10</attwidth><atprecis Sync="TRUE">10</atprecis><attscale Sync="TRUE">0</attscale><attrdefs>Alberta Land and Forest Service GIS Standards (2000)</attrdefs></attr><attr xmlns=""><attrlabl>FIRE_CLASS</attrlabl><attrdef>The fire class size</attrdef><attrdomv><edom><edomv>B</edomv><edomvd>greater than 0.1 ha and less than or equal to 4.0 ha</edomvd><edomvds>Alberta Land and Forest Service GIS Standards (2000)</edomvds></edom><edom><edomv>E</edomv><edomvd>greater than 200.0 ha</edomvd><edomvds>Alberta Land and Forest Service GIS Standards (2000)</edomvds></edom><edom><edomv>A</edomv><edomvd>0.01 - 0.1 hectares in size</edomvd><edomvds>Alberta Land and Forest Service GIS Standards (2000)</edomvds></edom><edom><edomv>D</edomv><edomvd>greater than 40.0 ha and less than or equal to 200.0 ha</edomvd><edomvds>Alberta Land and Forest Service GIS Standards (2000)</edomvds></edom><edom><edomv>C</edomv><edomvd>greater than 4.0 ha and less than or equal to 40.0 ha.</edomvd><edomvds>Alberta Land and Forest Service GIS Standards (2000)</edomvds></edom></attrdomv><attalias Sync="TRUE">FIRE_CLASS</attalias><attrtype Sync="TRUE">String</attrtype><attwidth Sync="TRUE">1</attwidth><atprecis Sync="TRUE">0</atprecis><attscale Sync="TRUE">0</attscale><attrdefs>Alberta Land and Forest Service GIS Standards (2000)</attrdefs></attr><attr xmlns=""><attrlabl>FIRENUMBER</attrlabl><attrdef>unique fire number</attrdef><attrdefs>Alberta Land and Forest Service GIS Standards (2000)</attrdefs><attrdomv><edom><edomvds>For 2001 - 2009: The fire number is defined as follows: Aaa-BBB-YYYY where A is the Fire Management District Identifier (e.g. L) The Fire Management District Identifier and Fire Type convention are defined in the Numbering of Fires and Projects (Policy No: FPD6.9), Forest Protection Division. aa is the Fire Type (e.g. WF) BBB is the fire sequence number in that Geoadministrative Area (e.g. 014) YYYY is the year the fire occurred (e.g. 1973)</edomvds><edomv>Aaa-BBB-YYYY</edomv><edomvd>Alberta Land and Forest Service GIS Standards (2000)</edomvd></edom></attrdomv><attalias Sync="TRUE">FIRENUMBER</attalias><attrtype Sync="TRUE">String</attrtype><attwidth Sync="TRUE">12</attwidth><atprecis Sync="TRUE">0</atprecis><attscale Sync="TRUE">0</attscale></attr><attr xmlns=""><attrlabl>SHAPE</attrlabl><attrdef>Feature geometry.</attrdef><attrdefs>ESRI</attrdefs><attrdomv><udom>Coordinates defining the features.</udom></attrdomv><attalias Sync="TRUE">Shape</attalias><attrtype Sync="TRUE">Geometry</attrtype><attwidth Sync="TRUE">0</attwidth><atprecis Sync="TRUE">0</atprecis><attscale Sync="TRUE">0</attscale></attr><attr xmlns=""><attrlabl>YEAR</attrlabl><attrdef>Fire Year (calendar year until 2002 when the fire year is defined as the fiscal year: begins April 1 and ends March 31) that the fire began in.</attrdef><attrdefs>Alberta Land and Forest Service GIS Standards (2000)</attrdefs><attrdomv><udom>Whole numbers</udom></attrdomv><attalias Sync="TRUE">YEAR</attalias><attrtype Sync="TRUE">Integer</attrtype><attwidth Sync="TRUE">10</attwidth><atprecis Sync="TRUE">10</atprecis><attscale Sync="TRUE">0</attscale></attr><attr xmlns=""><attrlabl>BURNCODE</attrlabl><attrdef>Indicates the timber loss due to the fire in a way that is backward compatable to historic fires from the 1930s to 1990s</attrdef><attrdomv><edom><edomv>I_MO</edomv><edomvd>Unburned Island area in Montana</edomvd><edomvds>Alberta Land and Forest Service GIS Standards (2000)</edomvds></edom><edom><edomv>PB_BC</edomv><edomvd>Partially Burned area in British Columbia</edomvd><edomvds>Alberta Land and Forest Service GIS Standards (2000)</edomvds></edom><edom><edomv>B</edomv><edomvd>Burned</edomvd><edomvds>Alberta Land and Forest Service GIS Standards (2000)</edomvds></edom><edom><edomv>B_BC</edomv><edomvd>Burned area in British Columbia</edomvd><edomvds>Alberta Land and Forest Service GIS Standards (2000)</edomvds></edom><edom><edomv>PB_NP</edomv><edomvd>Partially Burned area in a National Park</edomvd><edomvds>Alberta Land and Forest Service GIS Standards (2000)</edomvds></edom><edom><edomv>I_SA</edomv><edomvd>Unburned Island area in Saskatchewan</edomvd><edomvds>Alberta Land and Forest Service GIS Standards (2000)</edomvds></edom><edom><edomv>PB_SA</edomv><edomvd>Partially Burned area in Saskatchewan</edomvd><edomvds>Alberta Land and Forest Service GIS Standards (2000)</edomvds></edom><edom><edomv>PB_NWT</edomv><edomvd>Partially Burned area in the Northwest Territories</edomvd><edomvds>Alberta Land and Forest Service GIS Standards (2000)</edomvds></edom><edom><edomv>B_NWT</edomv><edomvd>Burned area in the Northwest Territories</edomvd><edomvds>Alberta Land and Forest Service GIS Standards (2000)</edomvds></edom><edom><edomv>B_SA</edomv><edomvd>Burned area in Saskatchewan</edomvd><edomvds>Alberta Land and Forest Service GIS Standards (2000)</edomvds></edom><edom><edomv>I_NWT</edomv><edomvd>Unburned Island in the Northwest Territories</edomvd><edomvds>Alberta Land and Forest Service GIS Standards (2000)</edomvds></edom><edom><edomv>B_NP</edomv><edomvd>Burned area in a National Park</edomvd><edomvds>Alberta Land and Forest Service GIS Standards (2000)</edomvds></edom><edom><edomv>I_NP</edomv><edomvd>Unburned Island in a National Park</edomvd><edomvds>Alberta Land and Forest Service GIS Standards (2000)</edomvds></edom><edom><edomv>PB_MO</edomv><edomvd>Partially Burned area in Montana</edomvd><edomvds>Alberta Land and Forest Service GIS Standards (2000)</edomvds></edom><edom><edomv>B_MO</edomv><edomvd>Burned area in Montana</edomvd><edomvds>Alberta Land and Forest Service GIS Standards (2000)</edomvds></edom><edom><edomv>I_BC</edomv><edomvd>Unburned Island area in British Columbia</edomvd><edomvds>Alberta Land and Forest Service GIS Standards (2000)</edomvds></edom><edom><edomv>PB</edomv><edomvd>Partially Burned</edomvd><edomvds>Alberta Land and Forest Service GIS Standards (2000)</edomvds></edom><edom><edomv>I</edomv><edomvd>Unburned Island</edomvd><edomvds>Alberta Land and Forest Service GIS Standards (2000)</edomvds></edom></attrdomv><attalias Sync="TRUE">BURNCODE</attalias><attrtype Sync="TRUE">String</attrtype><attwidth Sync="TRUE">6</attwidth><atprecis Sync="TRUE">0</atprecis><attscale Sync="TRUE">0</attscale><attrdefs>Alberta Land and Forest Service GIS Standards (2000)</attrdefs></attr><attr><attrlabl Sync="TRUE">HECTARES_U</attrlabl><attalias Sync="TRUE">HECTARES_U</attalias><attrtype Sync="TRUE">Double</attrtype><attwidth Sync="TRUE">19</attwidth><atprecis Sync="TRUE">0</atprecis><attscale Sync="TRUE">0</attscale></attr><attr xmlns=""><attrlabl>FIRE_NUMBE</attrlabl><attrdef>version of FIRENUMBER (without hyphens and the fire year) that works as the key when relating to the FIRES database</attrdef><attalias Sync="TRUE">FIRE_NUMBE</attalias><attrtype Sync="TRUE">String</attrtype><attwidth Sync="TRUE">6</attwidth><atprecis Sync="TRUE">0</atprecis><attscale Sync="TRUE">0</attscale><attrdefs>Alberta Land and Forest Service GIS Standards (2000)</attrdefs></attr><attr xmlns=""><attrlabl>SOURCE</attrlabl><attrdef>This is a brief statement indicating the fire perimeter data source</attrdef><attrdomv><edom><edomv>9 - fire report map; scale 1:25,000</edomv><edomvd>Fire report map; scale 1:25,000</edomvd><edomvds>Alberta Land and Forest Service GIS Standards (2000)</edomvds></edom><edom><edomv>6 - processed IR scan image</edomv><edomvd>Processed IR scan image</edomvd><edomvds>Alberta Land and Forest Service GIS Standards (2000)</edomvds></edom><edom><edomv>5 - digitized from aerial photo</edomv><edomvd>Digitized from aerial photo (or from aerial stereo imagery)</edomvd><edomvds>Alberta Land and Forest Service GIS Standards (2000)</edomvds></edom><edom><edomv>3 - corrected ground GPS</edomv><edomvd>Differentially corrected ground GPS</edomvd><edomvds>Alberta Land and Forest Service GIS Standards (2000)</edomvds></edom><edom><edomv>4 - corrected airborne GPS</edomv><edomvd>Differentially corrected airborne GPS</edomvd><edomvds>Alberta Land and Forest Service GIS Standards (2000)</edomvds></edom><edom><edomv>16 - Source of historical perimeter unknown</edomv><edomvd>Some of the fire perimeters already in the datasets have no defined SOURCE and the people that created the dataset are no longer around or do not remember.</edomvd><edomvds>Alberta Land and Forest Service GIS Standards (2000)</edomvds></edom><edom><edomv>10 - derived from satellite imagery</edomv><edomvd>Derived from satellite imagery</edomvd><edomvds>Alberta Land and Forest Service GIS Standards (2000)</edomvds></edom><edom><edomv>13 - digital/satellite imagery (pixel 10m - 20m)</edomv><edomvd>Digital/satellite imagery (pixel 10m - 20m)</edomvd><edomvds>Alberta Land and Forest Service GIS Standards (2000)</edomvds></edom><edom><edomv>12 - digital/satellite imagery (pixel 2m - 10m)</edomv><edomvd>Digital/satellite imagery (pixel 2m - 10m)</edomvd><edomvds>Alberta Land and Forest Service GIS Standards (2000)</edomvds></edom><edom><edomv>1 - non-corrected ground GPS</edomv><edomvd>Ground GPS that has not been differentially corrected</edomvd><edomvds>Alberta Land and Forest Service GIS Standards (2000)</edomvds></edom><edom><edomv>0 - hand sketch of any type</edomv><edomvd>Hand sketch of any type</edomvd><edomvds>Alberta Land and Forest Service GIS Standards (2000)</edomvds></edom><edom><edomv>15 - Publication ISBN 0-662-15280-8 (1:500,000)</edomv><edomvd>Spatial and/or attribute information derived from the publication Forest Fire History Maps of Alberta, 1931 to 1983 by G.P. Delisle and R.J. Hall</edomvd><edomvds>Alberta Land and Forest Service GIS Standards (2000)</edomvds></edom><edom><edomv>7 - processed scanned photo</edomv><edomvd>Processed scanned photo</edomvd><edomvds>Alberta Land and Forest Service GIS Standards (2000)</edomvds></edom><edom><edomv>2 - non-corrected airborne GPS</edomv><edomvd> Airborne GPS that has not been differentially corrected</edomvd><edomvds>Alberta Land and Forest Service GIS Standards (2000)</edomvds></edom><edom><edomv>11 - digital/satellite imagery (pixel &lt; 2m)</edomv><edomvd>Digital/satellite imagery (pixel &lt; 2m)</edomvd><edomvds>Alberta Land and Forest Service GIS Standards (2000)</edomvds></edom><edom><edomv>8 - 1:250,000 scale Fire Incidence Map</edomv><edomvd>1:250,000 scale Fire Incidence Map</edomvd><edomvds>Alberta Land and Forest Service GIS Standards (2000)</edomvds></edom><edom><edomv>14 - digital/satellite imagery (pixel &gt; 20m)</edomv><edomvd>Digital/satellite imagery (pixel &gt; 20m)</edomvd><edomvds>Alberta Land and Forest Service GIS Standards (2000)</edomvds></edom></attrdomv><attalias Sync="TRUE">SOURCE</attalias><attrtype Sync="TRUE">String</attrtype><attwidth Sync="TRUE">50</attwidth><atprecis Sync="TRUE">0</atprecis><attscale Sync="TRUE">0</attscale><attrdefs>Alberta Land and Forest Service GIS Standards (2000)</attrdefs></attr><attr><attrlabl Sync="TRUE">CAPTURE_DA</attrlabl><attalias Sync="TRUE">CAPTURE_DA</attalias><attrtype Sync="TRUE">String</attrtype><attwidth Sync="TRUE">10</attwidth><atprecis Sync="TRUE">0</atprecis><attscale Sync="TRUE">0</attscale></attr><attr xmlns=""><attrlabl>ALIAS</attrlabl><attrdef>Name given to a fire</attrdef><attalias Sync="TRUE">ALIAS</attalias><attrtype Sync="TRUE">String</attrtype><attwidth Sync="TRUE">40</attwidth><atprecis Sync="TRUE">0</atprecis><attscale Sync="TRUE">0</attscale><attrdefs>Alberta Land and Forest Service GIS Standards (2000)</attrdefs></attr><attr xmlns=""><attrlabl>TIME</attrlabl><attrdef>Capture time of day (24hr clock) in the format hhmm.  The time that the fire perimeter data was last captured, or if the data was captured after the fire was officially given an extinguished status, the extinguished time for the fire (found in the FIRES database).</attrdef><attrdefs>ESRI</attrdefs><attrdomv><edom><edomv>9999</edomv><edomvd>Unknown capture time</edomvd><edomvds>Alberta Land and Forest Service GIS Standards (2000)</edomvds></edom></attrdomv><attrdomv><rdom><rdommin>0</rdommin><rdommax>2359</rdommax></rdom></attrdomv><attalias Sync="TRUE">TIME</attalias><attrtype Sync="TRUE">String</attrtype><attwidth Sync="TRUE">4</attwidth><atprecis Sync="TRUE">0</atprecis><attscale Sync="TRUE">0</attscale></attr><attr><attrlabl Sync="TRUE">SHAPE_Leng</attrlabl><attalias Sync="TRUE">SHAPE_Leng</attalias><attrtype Sync="TRUE">Double</attrtype><attwidth Sync="TRUE">19</attwidth><atprecis Sync="TRUE">0</atprecis><attscale Sync="TRUE">0</attscale></attr><attr><attrlabl Sync="TRUE">Shape_Le_1</attrlabl><attalias Sync="TRUE">Shape_Le_1</attalias><attrtype Sync="TRUE">Double</attrtype><attwidth Sync="TRUE">19</attwidth><atprecis Sync="TRUE">0</atprecis><attscale Sync="TRUE">0</attscale></attr><attr><attrlabl Sync="TRUE">SHAPE_Area</attrlabl><attalias Sync="TRUE">Shape_Area</attalias><attrtype Sync="TRUE">Double</attrtype><attwidth Sync="TRUE">19</attwidth><atprecis Sync="TRUE">0</atprecis><attscale Sync="TRUE">0</attscale><attrdef Sync="TRUE">Area of feature in internal units squared.</attrdef><attrdefs Sync="TRUE">Esri</attrdefs><attrdomv><udom Sync="TRUE">Positive real numbers that are automatically generated.</udom></attrdomv></attr><attr><attrlabl Sync="TRUE">InPoly_FID</attrlabl><attalias Sync="TRUE">InPoly_FID</attalias><attrtype Sync="TRUE">Integer</attrtype><attwidth Sync="TRUE">10</attwidth><atprecis Sync="TRUE">10</atprecis><attscale Sync="TRUE">0</attscale></attr><attr><attrlabl Sync="TRUE">SimPgnFlag</attrlabl><attalias Sync="TRUE">SimPgnFlag</attalias><attrtype Sync="TRUE">Integer</attrtype><attwidth Sync="TRUE">5</attwidth><atprecis Sync="TRUE">5</atprecis><attscale Sync="TRUE">0</attscale></attr><attr><attrlabl Sync="TRUE">MaxSimpTol</attrlabl><attalias Sync="TRUE">MaxSimpTol</attalias><attrtype Sync="TRUE">Double</attrtype><attwidth Sync="TRUE">19</attwidth><atprecis Sync="TRUE">0</atprecis><attscale Sync="TRUE">0</attscale></attr><attr><attrlabl Sync="TRUE">MinSimpTol</attrlabl><attalias Sync="TRUE">MinSimpTol</attalias><attrtype Sync="TRUE">Double</attrtype><attwidth Sync="TRUE">19</attwidth><atprecis Sync="TRUE">0</atprecis><attscale Sync="TRUE">0</attscale></attr></detailed></eainfo><mdHrLvName Sync="TRUE">dataset</mdHrLvName><refSysInfo><RefSystem dimension="horizontal"><refSysID xmlns=""><identCode code="3402" Sync="FALSE"/><idCodeSpace Sync="TRUE">EPSG</idCodeSpace><idVersion Sync="TRUE">6.11(9.3.0.0)</idVersion></refSysID></RefSystem></refSysInfo><spatRepInfo><VectSpatRep><geometObjs Name="Wildfires_1990to1999_Simplif"><geoObjTyp><GeoObjTypCd value="002" Sync="TRUE"></GeoObjTypCd></geoObjTyp><geoObjCnt Sync="TRUE">0</geoObjCnt></geometObjs><topLvl><TopoLevCd value="001" Sync="TRUE"></TopoLevCd></topLvl></VectSpatRep></spatRepInfo><spdoinfo><ptvctinf><esriterm Name="Wildfires_1990to1999_Simplif"><efeatyp Sync="TRUE">Simple</efeatyp><efeageom code="4" Sync="TRUE"></efeageom><esritopo Sync="TRUE">FALSE</esritopo><efeacnt Sync="TRUE">0</efeacnt><spindex Sync="TRUE">FALSE</spindex><linrefer Sync="TRUE">FALSE</linrefer></esriterm></ptvctinf></spdoinfo><mdDateSt Sync="TRUE">20201121</mdDateSt><mdContact xmlns=""><rpIndName>Wildfire Geospatial Intelligence Unit, Wildfire Operations, Wildfire Management Branch, Forestry Division</rpIndName><rpOrgName>Agriculture and Forestry, Government of Alberta</rpOrgName><rpCntInfo xmlns=""><cntAddress addressType="both"><delPoint>9th Floor, 9920 - 108 Street Northwest</delPoint><city>Edmonton</city><adminArea>Alberta</adminArea><postCode>T5K2M4</postCode><eMailAdd>WF.AWHQ-GIS@gov.ab.ca</eMailAdd><country>CA</country></cntAddress><cntPhone><voiceNum tddtty="">(780) 422-4438</voiceNum><faxNum>(780) 415-1509</faxNum></cntPhone></rpCntInfo><displayName>Wildfire Geospatial Intelligence Unit, Wildfire Operations, Wildfire Management Branch, Forestry Division</displayName><role><RoleCd value="006"/></role></mdContact></metadata>
