<?xml version="1.0" encoding="UTF-8"?>
<metadata xml:lang="en"><Esri><CreaDate>20201205</CreaDate><CreaTime>14502700</CreaTime><ArcGISFormat>1.0</ArcGISFormat><ArcGISstyle>North American Profile of ISO19115 2003</ArcGISstyle><SyncOnce>FALSE</SyncOnce><DataProperties><itemProps><itemName Sync="TRUE">simp</itemName><imsContentType Sync="FALSE" export="False">009</imsContentType><nativeExtBox><westBL Sync="TRUE">170990.349400</westBL><eastBL Sync="TRUE">865136.900100</eastBL><southBL Sync="TRUE">5425574.183800</southBL><northBL Sync="TRUE">6659287.192800</northBL><exTypeCode Sync="TRUE">1</exTypeCode></nativeExtBox><itemLocation><linkage Sync="TRUE">file://\\MSI\C$\Users\mikay\Desktop\Lab5\MyExport\simp.shp</linkage><protocol Sync="TRUE">Local Area Network</protocol></itemLocation><itemSize Sync="TRUE">0.000</itemSize></itemProps><coordRef><type Sync="TRUE">Projected</type><geogcsn Sync="TRUE">GCS_North_American_1983</geogcsn><csUnits Sync="TRUE">Linear Unit: Meter (1.000000)</csUnits><projcsn Sync="TRUE">NAD_1983_10TM_AEP_Forest</projcsn><peXml Sync="TRUE">&lt;ProjectedCoordinateSystem xsi:type='typens:ProjectedCoordinateSystem' xmlns:xsi='http://www.w3.org/2001/XMLSchema-instance' xmlns:xs='http://www.w3.org/2001/XMLSchema' xmlns:typens='http://www.esri.com/schemas/ArcGIS/10.7'&gt;&lt;WKT&gt;PROJCS[&amp;quot;NAD_1983_10TM_AEP_Forest&amp;quot;,GEOGCS[&amp;quot;GCS_North_American_1983&amp;quot;,DATUM[&amp;quot;D_North_American_1983&amp;quot;,SPHEROID[&amp;quot;GRS_1980&amp;quot;,6378137.0,298.257222101]],PRIMEM[&amp;quot;Greenwich&amp;quot;,0.0],UNIT[&amp;quot;Degree&amp;quot;,0.0174532925199433]],PROJECTION[&amp;quot;Transverse_Mercator&amp;quot;],PARAMETER[&amp;quot;False_Easting&amp;quot;,500000.0],PARAMETER[&amp;quot;False_Northing&amp;quot;,0.0],PARAMETER[&amp;quot;Central_Meridian&amp;quot;,-115.0],PARAMETER[&amp;quot;Scale_Factor&amp;quot;,0.9992],PARAMETER[&amp;quot;Latitude_Of_Origin&amp;quot;,0.0],UNIT[&amp;quot;Meter&amp;quot;,1.0],AUTHORITY[&amp;quot;EPSG&amp;quot;,3400]]&lt;/WKT&gt;&lt;XOrigin&gt;-5118700&lt;/XOrigin&gt;&lt;YOrigin&gt;-9994100&lt;/YOrigin&gt;&lt;XYScale&gt;450625831.97791648&lt;/XYScale&gt;&lt;ZOrigin&gt;-100000&lt;/ZOrigin&gt;&lt;ZScale&gt;10000&lt;/ZScale&gt;&lt;MOrigin&gt;-100000&lt;/MOrigin&gt;&lt;MScale&gt;10000&lt;/MScale&gt;&lt;XYTolerance&gt;0.001&lt;/XYTolerance&gt;&lt;ZTolerance&gt;0.001&lt;/ZTolerance&gt;&lt;MTolerance&gt;0.001&lt;/MTolerance&gt;&lt;HighPrecision&gt;true&lt;/HighPrecision&gt;&lt;WKID&gt;102184&lt;/WKID&gt;&lt;LatestWKID&gt;3400&lt;/LatestWKID&gt;&lt;/ProjectedCoordinateSystem&gt;</peXml></coordRef><lineage><Process ToolSource="c:\program files (x86)\arcgis\desktop10.7\ArcToolbox\Toolboxes\Cartography Tools.tbx\SimplifyPolygon" Date="20201205" Time="160221">SimplifyPolygon C:\Users\mikay\Desktop\Lab5\MyExport\export.shp C:\Users\mikay\Desktop\Lab5\MyExport\simp.shp POINT_REMOVE "100 Unknown" "0 Unknown" RESOLVE_ERRORS KEEP_COLLAPSED_POINTS #</Process></lineage></DataProperties><SyncDate>20201205</SyncDate><SyncTime>16021900</SyncTime><ModDate>20201205</ModDate><ModTime>16021900</ModTime><scaleRange><minScale>150000000</minScale><maxScale>5000</maxScale></scaleRange><ArcGISProfile>NAP</ArcGISProfile></Esri><dataIdInfo><envirDesc Sync="TRUE"> Version 6.2 (Build 9200) ; Esri ArcGIS 10.7.1.11595</envirDesc><dataLang><languageCode value="eng" Sync="TRUE"/><countryCode value="USA" Sync="TRUE"/></dataLang><idCitation xmlns=""><resTitle Sync="FALSE">Labour force status, by CSD in Alberta, 2016 </resTitle><presForm xmlns=""><PresFormCd value="005" Sync="TRUE"/></presForm><date><createDate>2018-03-01T00:00:00</createDate></date><citRespParty xmlns=""><rpOrgName>Treasury Board and Finance, Government of Alberta</rpOrgName><rpPosName>Office of Statistics and Information</rpPosName><rpCntInfo xmlns=""><cntAddress addressType="both"><delPoint>9820 - 107 Street </delPoint><city>Edmonton</city><adminArea>Alberta</adminArea><postCode>T5K 1E7</postCode><eMailAdd>osi.support@gov.ab.ca</eMailAdd><country>CA</country></cntAddress><cntHours>8:15 a.m. to 4:30 p.m. Monday to Friday (closed from noon to 1 p.m., and excluding holidays)</cntHours><cntInstr>Queries about the creation and/or characteristics of the metadata submitted through
electronic mail must include the salutation "Attention: Manager, Geospatial statistics".</cntInstr></rpCntInfo><displayName>OSI Support</displayName><role><RoleCd value="006"/></role></citRespParty></idCitation><spatRpType><SpatRepTypCd value="001" Sync="TRUE"/></spatRpType><dataExt xmlns=""><geoEle xmlns=""><GeoBndBox esriExtentType="search"><exTypeCode Sync="TRUE">1</exTypeCode><westBL Sync="TRUE">-120.899538</westBL><eastBL Sync="TRUE">-108.457336</eastBL><northBL Sync="TRUE">60.094657</northBL><southBL Sync="TRUE">48.894784</southBL></GeoBndBox></geoEle><exDesc>Province of Alberta, Canada</exDesc><tempEle><TempExtent><exTemp><TM_Period xmlns=""><tmBegin>2016-05-10T00:00:00</tmBegin><tmEnd>2016-05-10T00:00:00</tmEnd></TM_Period></exTemp></TempExtent></tempEle></dataExt><idPurp>The purpose of this dataset is to offer a geospatial version of commonly used socio-economic indicators. </idPurp><idAbs>&lt;DIV STYLE="text-align:Left;"&gt;&lt;DIV&gt;&lt;DIV&gt;&lt;P STYLE="margin:0 0 0 0;"&gt;&lt;SPAN&gt;&lt;SPAN&gt;This Feature Class portrays labour force status, by CSD in Alberta, 2016&lt;/SPAN&gt;&lt;/SPAN&gt;&lt;SPAN&gt;&lt;SPAN&gt;. Labour force indicators include: &lt;/SPAN&gt;&lt;/SPAN&gt;&lt;SPAN&gt;&lt;SPAN&gt;p&lt;/SPAN&gt;&lt;/SPAN&gt;&lt;SPAN&gt;&lt;SPAN&gt;articipation rate, unemployment rate&lt;/SPAN&gt;&lt;/SPAN&gt;&lt;SPAN&gt;&lt;SPAN&gt;and e&lt;/SPAN&gt;&lt;/SPAN&gt;&lt;SPAN&gt;mployment rate&lt;/SPAN&gt;&lt;SPAN&gt;.&lt;/SPAN&gt;&lt;/P&gt;&lt;/DIV&gt;&lt;/DIV&gt;&lt;/DIV&gt;</idAbs><searchKeys><keyword>Alberta</keyword><keyword>CSD</keyword><keyword>Census Subdivision</keyword><keyword>Municipality</keyword><keyword>2016 Census</keyword><keyword>Statistics Canada</keyword><keyword>Labour</keyword><keyword>Employment</keyword><keyword>Unemployment</keyword><keyword>Participation</keyword></searchKeys><dataChar><CharSetCd value="004"/></dataChar><resMaint xmlns=""><maintFreq><MaintFreqCd value="011"/></maintFreq></resMaint><themeKeys xmlns=""><thesaLang><languageCode value="eng"/><countryCode value="CA"/></thesaLang><keyword>CSD, Census Subdivision, Municipality, 2016 Census, Statistics Canada, Labour, Employment, Unemployment, Participation</keyword></themeKeys><idCredit>Adapted from Statistics Canada, 2016 Census. This does not constitute an endorsement by Statistics Canada of this product. </idCredit><idPoC xmlns=""><editorSource>external</editorSource><editorDigest>231bd3e817fc7e28789b981315cff75</editorDigest><rpIndName>OSI Support</rpIndName><rpOrgName>Office of Statistics and Information, Treasury Board and Finance, Government of Alberta</rpOrgName><rpPosName>Manager, Geospatial Statistics</rpPosName><rpCntInfo xmlns=""><cntAddress addressType=""><delPoint>9820 - 107 Street </delPoint><city>Edmonton</city><adminArea>Alberta</adminArea><postCode>T5K 1E7</postCode><eMailAdd>osi.support@gov.ab.ca</eMailAdd></cntAddress><cntHours>8:15 a.m. to 4:30 p.m. Monday to Friday (closed from noon to 1 p.m., and excluding holidays)</cntHours><cntInstr>Queries about the creation and/or characteristics of the metadata submitted through
electronic mail must include the salutation "Attention: Manager, Geospatial statistics".</cntInstr></rpCntInfo><editorSave>True</editorSave><displayName>OSI Support</displayName><role><RoleCd value="007"/></role></idPoC><resConst><LegConsts xmlns=""><useConsts><RestrictCd value="005"/></useConsts><othConsts>Your use of this information will be governed by the terms of the Open Government Licence - Alberta, in force as of the date you accessed the information , found at  http://open.alberta.ca/licence</othConsts></LegConsts></resConst><resConst><SecConsts xmlns=""><class><ClasscationCd value="001"/></class><userNote>Public under GOA Data and Information Security Classification</userNote><classSys>Government of Alberta Data and Information Security Classification</classSys><handDesc>http://imtdocs.alberta.ca/Data-and-Information-Security-Classification-Standard.pdf</handDesc></SecConsts></resConst><resConst><LegConsts xmlns=""><useLimit>Distribution Liability: Under the terms of the Open Government Licence - Alberta, the Information is licensed as is, and the Information Provider excludes all representations, warranties, obligations, and liabilities, whether express or implied, to the maximum extent permitted by law. The Information Provider is not liable for any errors or omissions in the Information, and will not under any circumstances be liable for any direct, indirect, special, incidental, consequential, or other loss, injury or damage caused by its use or otherwise arising in connection with this licence or the Information, even if specifically advised of the possibility of such loss, injury or damage. </useLimit></LegConsts></resConst><resConst><LegConsts xmlns=""><useConsts><RestrictCd value="005"/></useConsts><othConsts>To access the data you must agree to the terms of the Open Government Licence - Alberta found at  http://open.alberta.ca/licence</othConsts><accessConsts><RestrictCd value="008"/></accessConsts></LegConsts></resConst><placeKeys xmlns=""><thesaLang><languageCode value="eng"/><countryCode value="CA"/></thesaLang><keyword>Alberta, Canada</keyword></placeKeys><idStatus><ProgCd value="001"/></idStatus><aggrInfo xmlns=""><assocType><AscTypeCd value="004"/></assocType><aggrDSName xmlns=""><resTitle>Census subdivisions</resTitle><resAltTitle>Subdivisions de recensement</resAltTitle><date><pubDate>2016-09-13T00:00:00</pubDate></date><otherCitDet>Source: Statistics Canada 2016 Census boundary files.</otherCitDet></aggrDSName></aggrInfo><aggrInfo xmlns=""><assocType><AscTypeCd value="004"/></assocType><aggrDSName xmlns=""><resTitle>Data tables, 2016 Census</resTitle><resAltTitle>Tableaux de données, Recensement de 2016</resAltTitle><date><reviseDate>2018-04-26T00:00:00</reviseDate></date><otherCitDet>Source: Statistics Canada 2016 Census Data Tables</otherCitDet></aggrDSName></aggrInfo><tpCat><TopicCatCd value="016"/></tpCat><tpCat><TopicCatCd value="003"/></tpCat><tpCat><TopicCatCd value="005"/></tpCat></dataIdInfo><mdLang><languageCode value="eng" Sync="TRUE"/><countryCode value="USA" Sync="TRUE"/></mdLang><mdChar><CharSetCd value="004" Sync="TRUE"/></mdChar><distInfo xmlns=""><distFormat xmlns=""><formatName Sync="TRUE">Shapefile</formatName><formatVer>10.3.1</formatVer></distFormat><distributor xmlns=""><distorCont xmlns=""><rpOrgName>Treasury Board and Finance, Government of Alberta</rpOrgName><rpPosName>Office of Statistics and Information</rpPosName><rpCntInfo xmlns=""><cntAddress addressType="both"><delPoint>9820 - 107 Street </delPoint><city>Edmonton</city><adminArea>Alberta</adminArea><postCode>T5K 1E7</postCode><eMailAdd>osi.support@gov.ab.ca</eMailAdd><country>CA</country></cntAddress><cntHours>8:15 a.m. to 4:30 p.m. Monday to Friday (closed from noon to 1 p.m., and excluding holidays)</cntHours><cntInstr>Queries about the creation and/or characteristics of the metadata submitted through
electronic mail must include the salutation "Attention: Manager, Geospatial statistics".</cntInstr></rpCntInfo><displayName>OSI Support</displayName><role><RoleCd value="006"/></role><displayName>Treasury Board and Finance, Government of Alberta</displayName></distorCont></distributor><distTranOps><transSize Sync="TRUE">0.000</transSize></distTranOps></distInfo><mdHrLv><ScopeCd value="005" Sync="TRUE"/></mdHrLv><mdHrLvName Sync="TRUE">dataset</mdHrLvName><refSysInfo><RefSystem dimension="horizontal"><refSysID xmlns=""><identCode code="3400" Sync="TRUE"/><idCodeSpace Sync="TRUE">EPSG</idCodeSpace><idVersion Sync="TRUE">6.11(9.3.0.0)</idVersion></refSysID></RefSystem></refSysInfo><spatRepInfo><VectSpatRep><geometObjs Name="simp"><geoObjTyp><GeoObjTypCd value="002" Sync="TRUE"></GeoObjTypCd></geoObjTyp><geoObjCnt Sync="TRUE">0</geoObjCnt></geometObjs><topLvl><TopoLevCd value="001" Sync="TRUE"></TopoLevCd></topLvl></VectSpatRep></spatRepInfo><spdoinfo><ptvctinf><esriterm Name="simp"><efeatyp Sync="TRUE">Simple</efeatyp><efeageom code="4" Sync="TRUE"></efeageom><esritopo Sync="TRUE">FALSE</esritopo><efeacnt Sync="TRUE">0</efeacnt><spindex Sync="TRUE">FALSE</spindex><linrefer Sync="TRUE">FALSE</linrefer></esriterm></ptvctinf></spdoinfo><eainfo><detailed Name="simp" xmlns=""><enttyp><enttypl Sync="TRUE">simp</enttypl><enttypt Sync="TRUE">Feature Class</enttypt><enttypc Sync="TRUE">0</enttypc><enttypds>Esri</enttypds><enttypd>Collection of geographic features with the same geometry type, attributes, and spatial reference.</enttypd></enttyp><attr><attrlabl Sync="TRUE">FID</attrlabl><attalias Sync="TRUE">FID</attalias><attrtype Sync="TRUE">OID</attrtype><attwidth Sync="TRUE">4</attwidth><atprecis Sync="TRUE">0</atprecis><attscale Sync="TRUE">0</attscale><attrdef Sync="TRUE">Internal feature number.</attrdef><attrdefs Sync="TRUE">Esri</attrdefs><attrdomv><udom Sync="TRUE">Sequential unique whole numbers that are automatically generated.</udom></attrdomv></attr><attr xmlns=""><attrlabl Sync="TRUE">OBJECTID</attrlabl><attalias Sync="TRUE">OBJECTID</attalias><attrtype Sync="TRUE">Integer</attrtype><attwidth Sync="TRUE">10</attwidth><atprecis Sync="TRUE">10</atprecis><attscale Sync="TRUE">0</attscale><attrdef Sync="TRUE">Internal feature number.</attrdef><attrdefs Sync="TRUE">Esri</attrdefs><attrdomv><udom Sync="TRUE">Sequential unique whole numbers that are automatically generated.</udom></attrdomv></attr><attr xmlns=""><attrlabl Sync="TRUE">Shape</attrlabl><attalias Sync="TRUE">Shape</attalias><attrtype Sync="TRUE">Geometry</attrtype><attwidth Sync="TRUE">0</attwidth><atprecis Sync="TRUE">0</atprecis><attscale Sync="TRUE">0</attscale><attrdef Sync="TRUE">Feature geometry.</attrdef><attrdefs Sync="TRUE">Esri</attrdefs><attrdomv><udom Sync="TRUE">Coordinates defining the features.</udom></attrdomv></attr><attr xmlns=""><attrlabl Sync="TRUE">CSDUID</attrlabl><attalias Sync="TRUE">CSDUID</attalias><attrtype Sync="TRUE">String</attrtype><attwidth Sync="TRUE">7</attwidth><atprecis Sync="TRUE">0</atprecis><attscale Sync="TRUE">0</attscale><attrdef>ID of census subdivisions</attrdef><attrdefs>Statistics Canada</attrdefs><attrdomv><rdom xmlns=""><rdommin>4801003</rdommin><rdommax>4819826</rdommax></rdom></attrdomv></attr><attr xmlns=""><attrlabl Sync="TRUE">CSDNAME</attrlabl><attalias Sync="TRUE">CSDNAME</attalias><attrtype Sync="TRUE">String</attrtype><attwidth Sync="TRUE">100</attwidth><atprecis Sync="TRUE">0</atprecis><attscale Sync="TRUE">0</attscale><attrdef>Name of census subdivisions</attrdef><attrdefs>Statistics Canada</attrdefs><attrdomv><edom xmlns=""><edomv>Census subdivision name</edomv><edomvd>Census subdivision name</edomvd><edomvds>Statistics Canada</edomvds></edom></attrdomv></attr><attr xmlns=""><attrlabl Sync="TRUE">CSDTYPE</attrlabl><attalias Sync="TRUE">CSDTYPE</attalias><attrtype Sync="TRUE">String</attrtype><attwidth Sync="TRUE">3</attwidth><atprecis Sync="TRUE">0</atprecis><attscale Sync="TRUE">0</attscale><attrdef>Census subdivisions Type</attrdef><attrdefs>Statistics Canada</attrdefs><attrdomv><edom xmlns=""><edomv>Census subdivision type</edomv><edomvd>Census subdivision type</edomvd><edomvds>Statistics Canada</edomvds></edom></attrdomv></attr><attr xmlns=""><attrlabl Sync="TRUE">CSDIDNum</attrlabl><attalias Sync="TRUE">CSDIDNum</attalias><attrtype Sync="TRUE">Integer</attrtype><attwidth Sync="TRUE">10</attwidth><atprecis Sync="TRUE">10</atprecis><attscale Sync="TRUE">0</attscale><attrdef>ID of census subdivision stored as an Interger, not a string</attrdef><attrdefs>Office of Statistics and Information, TBF, GoA</attrdefs><attrdomv><rdom xmlns=""><rdommin>4801003</rdommin><rdommax>4819826</rdommax></rdom></attrdomv></attr><attr><attrlabl Sync="TRUE">CENSUS_YEA</attrlabl><attalias Sync="TRUE">CENSUS_YEA</attalias><attrtype Sync="TRUE">Integer</attrtype><attwidth Sync="TRUE">10</attwidth><atprecis Sync="TRUE">10</atprecis><attscale Sync="TRUE">0</attscale></attr><attr xmlns=""><attrlabl Sync="TRUE">GNR</attrlabl><attalias Sync="TRUE">GNR</attalias><attrtype Sync="TRUE">Double</attrtype><attwidth Sync="TRUE">19</attwidth><atprecis Sync="TRUE">0</atprecis><attscale Sync="TRUE">0</attscale><attrdef>Global Non-Response Rate (Short Form Questionnaire)</attrdef><attrdefs>Statistics Canada</attrdefs><attrdomv><rdom xmlns=""><rdommin>0</rdommin><rdommax>100</rdommax></rdom></attrdomv></attr><attr xmlns=""><attrlabl Sync="TRUE">GNR_LF</attrlabl><attalias Sync="TRUE">GNR_LF</attalias><attrtype Sync="TRUE">Double</attrtype><attwidth Sync="TRUE">19</attwidth><atprecis Sync="TRUE">0</atprecis><attscale Sync="TRUE">0</attscale><attrdef>Global Non-Response Rate (Long Form Questionnaire)</attrdef><attrdefs>Statistics Canada</attrdefs><attrdomv><rdom xmlns=""><rdommin>0</rdommin><rdommax>100</rdommax></rdom></attrdomv></attr><attr xmlns=""><attrlabl Sync="TRUE">TOTAL_1865</attrlabl><attalias Sync="FALSE">Total - Population aged 15 years and over by Labour force status</attalias><attrtype Sync="TRUE">Integer</attrtype><attwidth Sync="TRUE">10</attwidth><atprecis Sync="TRUE">10</atprecis><attscale Sync="TRUE">0</attscale><attrdef>Refers to persons who, during the week of Sunday, May 1 to Saturday, May 7, 2016, were either employed or unemployed.

Labour force = Employed + Unemployed

Early enumeration was conducted in remote, isolated parts of the provinces and territories in February, March and April 2016. When enumeration has taken place before May 2016, the reference date used is the date on which the household was enumerated.</attrdef><attrdefs>Statistics Canada</attrdefs><attrdomv><udom>Values do not exist in a known, predefined set. </udom></attrdomv></attr><attr xmlns=""><attrlabl Sync="TRUE">TOTAL_1870</attrlabl><attalias Sync="TRUE">TOTAL_1870</attalias><attrtype Sync="TRUE">Double</attrtype><attwidth Sync="TRUE">19</attwidth><atprecis Sync="TRUE">0</atprecis><attscale Sync="TRUE">0</attscale><attrdef>Refers to the labour force in the week of Sunday, May 1 to Saturday, May 7, 2016, expressed as a percentage of the population aged 15 years and over.

The participation rate for a particular group (age, sex, marital status, geographic area, etc.) is the total labour force in that group, expressed as a percentage of the total population in that group.

Early enumeration was conducted in remote, isolated parts of the provinces and territories in February, March and April 2016. When enumeration has taken place before May 2016, the reference date used is the date on which the household was enumerated.</attrdef><attrdefs>Statistics Canada</attrdefs><attrdomv><rdom xmlns=""><rdommin>0</rdommin><rdommax>100</rdommax></rdom></attrdomv></attr><attr xmlns=""><attrlabl Sync="TRUE">TOTAL_1871</attrlabl><attalias Sync="TRUE">TOTAL_1871</attalias><attrtype Sync="TRUE">Double</attrtype><attwidth Sync="TRUE">19</attwidth><atprecis Sync="TRUE">0</atprecis><attscale Sync="TRUE">0</attscale><attrdef>Refers to the number of persons employed in the week of Sunday, May 1 to Saturday, May 7, 2016, expressed as a percentage of the total population aged 15 years and over.

The employment rate for a particular group (age, sex, marital status, geographic area, etc.) is the number of employed persons in that group, expressed as a percentage of the total population in that group.

Early enumeration was conducted in remote, isolated parts of the provinces and territories in February, March and April 2016. When enumeration has taken place before May 2016, the reference date used is the date on which the household was enumerated.</attrdef><attrdefs>Statistics Canada</attrdefs><attrdomv><rdom xmlns=""><rdommin>0</rdommin><rdommax>100</rdommax></rdom></attrdomv></attr><attr xmlns=""><attrlabl Sync="TRUE">TOTAL_1872</attrlabl><attalias Sync="TRUE">TOTAL_1872</attalias><attrtype Sync="TRUE">Double</attrtype><attwidth Sync="TRUE">19</attwidth><atprecis Sync="TRUE">0</atprecis><attscale Sync="TRUE">0</attscale><attrdef>Refers to the unemployed expressed as a percentage of the labour force in the week of Sunday, May 1 to Saturday, May 7, 2016.

The unemployment rate for a particular group (age, sex, marital status, geographic area, etc.) is the unemployed in that group, expressed as a percentage of the labour force in that group.

Early enumeration was conducted in remote, isolated parts of the provinces and territories in February, March and April 2016. When enumeration has taken place before May 2016, the reference date used is the date on which the household was enumerated.</attrdef><attrdefs>Statistics Canada</attrdefs><attrdomv><rdom xmlns=""><rdommin>0</rdommin><rdommax>100</rdommax></rdom></attrdomv></attr><attr><attrlabl Sync="TRUE">Shape_Leng</attrlabl><attalias Sync="TRUE">Shape_Leng</attalias><attrtype Sync="TRUE">Double</attrtype><attwidth Sync="TRUE">19</attwidth><atprecis Sync="TRUE">0</atprecis><attscale Sync="TRUE">0</attscale></attr><attr xmlns=""><attrlabl Sync="TRUE">Shape_Area</attrlabl><attalias Sync="TRUE">Shape_Area</attalias><attrtype Sync="TRUE">Double</attrtype><attwidth Sync="TRUE">19</attwidth><atprecis Sync="TRUE">0</atprecis><attscale Sync="TRUE">0</attscale><attrdef Sync="TRUE">Area of feature in internal units squared.</attrdef><attrdefs Sync="TRUE">Esri</attrdefs><attrdomv><udom Sync="TRUE">Positive real numbers that are automatically generated.</udom></attrdomv></attr></detailed></eainfo><mdDateSt Sync="TRUE">20201205</mdDateSt><mdFileID>EAFA2EA2-89DD-437D-9CF5-59CF20BC1F9A</mdFileID><mdMaint xmlns=""><maintFreq><MaintFreqCd value="011"/></maintFreq></mdMaint><dqInfo xmlns=""><dqScope><scpLvl><ScopeCd value="005"/></scpLvl></dqScope><dataLineage><statement>This dataset was created by intergrating 2016 census tables with 2016 census subdivision boundary files from Statistics Canada.</statement><dataSource xmlns="" type=""><srcDesc>2016 Census - Boundary files, by Census Subdivisions.
Census subdivision (CSD) is the general term for municipalities (as determined by provincial/territorial legislation) or areas treated as municipal equivalents for statistical purposes (e.g., Indian reserves, Indian settlements and unorganized territories).</srcDesc><srcMedName><MedNameCd value="015"/></srcMedName><srcCitatn xmlns=""><resTitle>Census Subdivisions</resTitle><date><createDate>2016-09-13T00:00:00</createDate></date></srcCitatn></dataSource><prcStep xmlns=""><stepDesc>1. 2016 Census Boundary File Obtained from Statistics Canada Website.
2. 2016 Census Boundary File Projected to NAD_1983_10TM_AEP_Forest.
3. 2016 Census Data Data Obtained from OSI's dataset of Statistics Canada 2016 Census Data tables.
4. Joined 2016 Census Data Variables to 2016 Census Boundary File.
5. Separated dataset into socio-economic topics</stepDesc></prcStep><dataSource xmlns="" type=""><srcDesc>Data tables, 2016 Census
About the 2016 Census Data tables: 
This series of cross-tabulations will present a portrait of Canada based on the various census topics. They will range in complexity and will be available for various levels of geography. A number of the tabulations will be available on each official day of release for each topic, while others will follow several months later.

Content varies from:
A simple overview of the country
Simple to more complex cross-tabulations
Current and previous census data.</srcDesc><srcMedName><MedNameCd value="015"/></srcMedName><srcCitatn xmlns=""><resTitle>2016 Census Data tables</resTitle><date><reviseDate>2018-09-26T00:00:00</reviseDate></date></srcCitatn></dataSource></dataLineage></dqInfo><mdContact xmlns=""><editorSource>external</editorSource><editorDigest>231bd3e817fc7e28789b981315cff75</editorDigest><rpIndName>OSI Support</rpIndName><rpOrgName>Office of Statistics and Information, Treasury Board and Finance, Government of Alberta</rpOrgName><rpPosName>Manager, Geospatial Statistics</rpPosName><rpCntInfo xmlns=""><cntAddress addressType=""><delPoint>9820 - 107 Street </delPoint><city>Edmonton</city><adminArea>Alberta</adminArea><postCode>T5K 1E7</postCode><eMailAdd>osi.support@gov.ab.ca</eMailAdd></cntAddress><cntHours>8:15 a.m. to 4:30 p.m. Monday to Friday (closed from noon to 1 p.m., and excluding holidays)</cntHours><cntInstr>Queries about the creation and/or characteristics of the metadata submitted through
electronic mail must include the salutation "Attention: Manager, Geospatial statistics".</cntInstr></rpCntInfo><editorSave>True</editorSave><displayName>OSI Support</displayName><role><RoleCd value="010"/></role></mdContact><contInfo><FetCatDesc xmlns=""><compCode>False</compCode><catLang><languageCode value="eng"/><countryCode value="CA"/><CharSetCd value="004"/></catLang><incWithDS>True</incWithDS><catCitation xmlns=""><date><reviseDate>2019-03-25T00:00:00</reviseDate></date><resTitle>Social Vulnerability Indicators, by CSD, in Alberta 2016</resTitle></catCitation></FetCatDesc></contInfo></metadata>
